ID,标题,编号,文件URL,浏览数,创建时间
1bca3cda-6068-4a34-b593-6db5c0f7270d,拉表模板,0,/WutheringWavesDPS/uploads/f471caa5-6f8a-4a81-a6b1-a620184cfd4f.xlsx,0,2026-03-16 17:42:14.578800
62648efc-a939-4baa-9202-c540b666d0de,船月卡爱 单通拉表,2,/WutheringWavesDPS/uploads/036a9172-0ef7-41a3-bd16-0ba636f4d224.xlsx,0,2026-03-16 18:16:34.292713
0c14270c-e4f8-4e03-9a8d-96500910fe2a,拉表 #3,3,/WutheringWavesDPS/uploads/01079e61-5318-45ce-b844-dc3d4140d81f.xlsx,0,2026-03-16 18:37:58.080595
a3bbbe16-5b41-4cae-984d-58489ddc7f26,拉表 #4,4,/WutheringWavesDPS/uploads/065c3b69-f561-4a98-b5c8-1cbc0ba2f3f9.xlsx,0,2026-03-16 18:37:58.112275
a720a2b3-0ee8-4247-b130-08a66a3cf039,拉表 #5,5,/WutheringWavesDPS/uploads/079aefbc-df45-44cf-a543-afc587767428.xlsx,0,2026-03-16 18:37:58.142059
23c65950-e15e-4761-863f-99a8bd1b2fa0,拉表 #6 (8页),6,/WutheringWavesDPS/uploads/0e74e92d-66d6-4ee5-87fd-73ac36cabd09.xlsx,0,2026-03-16 18:37:58.174263
f8fd8bde-e15c-4371-baa5-82993a0ee575,拉表 #7,7,/WutheringWavesDPS/uploads/136b5877-a9ad-4abd-8fd6-63ef7aa4f613.xlsx,0,2026-03-16 18:37:58.207157
ad6d56ff-484a-46d7-ab65-8e9399b297ad,拉表 #8 (15页),8,/WutheringWavesDPS/uploads/1a0db27c-e924-4e56-858b-4d4dd843caab.xlsx,0,2026-03-16 18:37:58.249483
2bee2b4f-4359-4b1f-8040-fb5c42ab9165,拉表 #9,9,/WutheringWavesDPS/uploads/2bad420e-71bc-4a23-8d01-d4c353152a3d.xlsx,0,2026-03-16 18:37:58.327645
8d541500-10d2-4cac-905d-ec27ac227141,拉表 #10,10,/WutheringWavesDPS/uploads/305d313a-901f-4805-90dc-a5a0920c3641.xlsx,0,2026-03-16 18:37:58.359805
9bec0bdb-cbe0-485f-8f26-fe775a260f10,拉表 #11 (15页),11,/WutheringWavesDPS/uploads/30c4d22f-a863-49bb-b1c5-ab24d7b521dc.xlsx,0,2026-03-16 18:37:58.402037
2e0cd67b-8060-48ab-9371-3d088f7d2606,拉表 #12,12,/WutheringWavesDPS/uploads/413272ea-44eb-4961-8af3-7f4a25f885e6.xlsx,0,2026-03-16 18:37:58.432531
5240a077-7edf-48ec-bd33-1a22044de8f7,拉表 #13,13,/WutheringWavesDPS/uploads/45922d9d-c0dc-48f5-88a5-3eca9e6b2bef.xlsx,0,2026-03-16 18:37:58.465451
b28125fe-d34c-4189-bfd8-5e1032f0c854,拉表 #14,14,/WutheringWavesDPS/uploads/51d3b207-4634-4a2a-be08-c9e1bb4b776e.xlsx,0,2026-03-16 18:37:58.496253
3e97e191-42f1-4f23-bcad-7fdaa368b341,拉表 #15,15,/WutheringWavesDPS/uploads/524d99a6-3d8a-4c18-b9ec-7c4fd905c288.xlsx,0,2026-03-16 18:37:58.527836
3af1ab7f-c7e6-4519-aee6-58389f26471b,拉表 #16,16,/WutheringWavesDPS/uploads/543e1c6f-ce29-427c-a1ae-ddeff7008dd7.xlsx,0,2026-03-16 18:37:58.559632
294e5348-16ef-4ab9-a66f-88e4e1e3b72f,拉表 #17,17,/WutheringWavesDPS/uploads/57d46bdd-e8be-4eb7-9ba3-8e77add2dfbd.xlsx,0,2026-03-16 18:37:58.591716
ee0726c9-ae33-4ef9-b484-bc1b284f6466,拉表 #18,18,/WutheringWavesDPS/uploads/62378a7e-702d-4643-a6e6-055081249651.xlsx,0,2026-03-16 18:37:58.610038
261de38b-ba84-41d5-ad74-6154ab4d1bfc,拉表 #19,19,/WutheringWavesDPS/uploads/67407ad5-3005-446f-adc4-26ad6413b52e.xlsx,0,2026-03-16 18:37:58.641280
9649e360-6503-4567-9fa9-dda4b1f1d969,拉表 #20,20,/WutheringWavesDPS/uploads/68bcaddc-c6b1-4e6e-88f3-708c7faa8aac.xlsx,0,2026-03-16 18:37:58.672447
3b47cd22-8330-42cb-9940-ca7151b36660,拉表 #21 (15页),21,/WutheringWavesDPS/uploads/68ed639c-ed84-4f42-ac66-08906d51160e.xlsx,0,2026-03-16 18:37:58.719747
ac632eba-662b-4519-b1cb-3d8e94bf370f,拉表 #22,22,/WutheringWavesDPS/uploads/70344b61-0faf-40fc-a266-ea5f15d26ae2.xlsx,0,2026-03-16 18:37:58.749972
00977704-18f0-422e-848c-67a1a398ad8f,拉表 #23 (10页),23,/WutheringWavesDPS/uploads/77c62704-455f-42da-8266-fe094fa03bf2.xlsx,0,2026-03-16 18:37:58.854939
90547c83-90dd-4fe3-bf13-f885c7b9c5cf,拉表 #24,24,/WutheringWavesDPS/uploads/78eb233a-ab0b-4810-a453-5201a49b5f01.xlsx,0,2026-03-16 18:37:58.884824
5e4c8f2a-bcd9-4649-969b-913f407df85e,拉表 #25,25,/WutheringWavesDPS/uploads/80848671-ed38-49db-84d0-cb2d918cf5c7.xlsx,0,2026-03-16 18:37:58.917504
883a3e72-d6b1-492c-a084-645cede090df,拉表 #26,26,/WutheringWavesDPS/uploads/82ba97ee-c34c-44e4-8a6c-a156ea3ec17c.xlsx,0,2026-03-16 18:37:58.948814
b6ba9c0a-0919-4ff1-b8e5-6f25c3be325b,拉表 #27,27,/WutheringWavesDPS/uploads/887ef08d-99f3-42ec-b544-0c48aa527962.xlsx,0,2026-03-16 18:37:58.979065
76accf20-06e8-431f-b8a6-52537e0c4037,拉表 #28,28,/WutheringWavesDPS/uploads/8d5010ca-6882-4de9-aaf8-c934134fa2c1.xlsx,0,2026-03-16 18:37:59.009839
12c87687-130e-450d-9f9e-6a73b462a355,拉表 #29,29,/WutheringWavesDPS/uploads/912fcd21-0a09-4073-8839-de840ae49a1d.xlsx,0,2026-03-16 18:37:59.039561
0f0d4ada-5ca1-4a62-a1b1-f9970f921a68,拉表 #30,30,/WutheringWavesDPS/uploads/9467f39f-14e1-46b8-83b4-6625c5cc2a92.xlsx,0,2026-03-16 18:37:59.072026
b702c946-62d3-4259-a57a-216a2e3c8d17,拉表 #31,31,/WutheringWavesDPS/uploads/9591eae4-e51e-47ab-bf86-e7e46a26268b.xlsx,0,2026-03-16 18:37:59.102235
ef6990f4-b0aa-448f-8505-646d80808181,拉表 #32,32,/WutheringWavesDPS/uploads/9a66f632-55f9-44fb-97fe-541f10537ca7.xlsx,0,2026-03-16 18:37:59.119618
5893b4f3-4460-4eeb-b500-6380772fb8b4,拉表 #33,33,/WutheringWavesDPS/uploads/a2931c7a-56df-42b4-ad13-e1320b5dbd82.xlsx,0,2026-03-16 18:37:59.137838
63589589-c054-4675-b983-38fa8d6c57e6,拉表 #34 (2页),34,/WutheringWavesDPS/uploads/a2eb8528-af11-467b-8a3f-25e663ad8e91.xlsx,0,2026-03-16 18:37:59.171223
38781b06-3cfb-4340-b6b6-578b9c413900,拉表 #35 (2页),35,/WutheringWavesDPS/uploads/a5259182-8973-4334-8299-28a2664e5e0c.xlsx,0,2026-03-16 18:37:59.202204
4020f7f5-2f23-4097-b6a8-aed331115d7c,拉表 #36,36,/WutheringWavesDPS/uploads/a936610c-283f-47a4-907f-c9f7cd3b91cd.xlsx,0,2026-03-16 18:37:59.232753
65bfabde-0161-47a5-aa55-c9ac94943cd8,拉表 #37,37,/WutheringWavesDPS/uploads/ae759d0f-ec0c-45c6-8a6c-20aed53739a8.xlsx,0,2026-03-16 18:37:59.265725
f1d3c38b-bdea-4374-b56f-b766c98d17d3,拉表 #38,38,/WutheringWavesDPS/uploads/b209ceae-5c70-4de7-9580-48828683a6cb.xlsx,0,2026-03-16 18:37:59.295288
20d27845-8c51-421c-87ea-a2b1902cc2f8,拉表 #39,39,/WutheringWavesDPS/uploads/b229ffbf-a10e-484b-840d-9f5f2b854018.xlsx,0,2026-03-16 18:37:59.378209
848921de-c201-4089-9292-efab007a2539,拉表 #40,40,/WutheringWavesDPS/uploads/bd135cd8-c315-4d37-bf8e-3249c070732a.xlsx,0,2026-03-16 18:37:59.408056
6ca6f4bb-7fc0-48bf-b7cf-0bcc80273013,拉表 #41,41,/WutheringWavesDPS/uploads/bfc926fe-0450-4094-af95-2c758af69656.xlsx,0,2026-03-16 18:37:59.439122
f22da318-be99-43c6-863b-fbe128b69c31,拉表 #42 (2页),42,/WutheringWavesDPS/uploads/c1d05b31-1121-4d32-ae8c-aeca5b45d24c.xlsx,0,2026-03-16 18:37:59.471973
5d30f0ac-4b60-4964-99ff-6170b8cd99aa,拉表 #43,43,/WutheringWavesDPS/uploads/c9c500ec-3e9d-410e-be15-50ec3d908048.xlsx,0,2026-03-16 18:37:59.502931
2e9653a8-212c-4723-bb6a-9c9e351b45ee,拉表 #44,44,/WutheringWavesDPS/uploads/d21d92c2-0884-47ea-957c-7b0586137338.xlsx,0,2026-03-16 18:37:59.533792
fd9bc251-453f-4f7c-bb2e-965c481e9780,拉表 #45,45,/WutheringWavesDPS/uploads/e1ee95d8-7417-4a8c-ae9a-dfee0030358f.xlsx,0,2026-03-16 18:37:59.567062
fb3c14cd-b925-4520-9ecc-6151fae59f24,拉表 #46,46,/WutheringWavesDPS/uploads/e28d25a6-839f-4228-8ec6-749417aeac0e.xlsx,0,2026-03-16 18:37:59.599344
240c4652-1009-46e7-afeb-389e484c7f6c,拉表 #47,47,/WutheringWavesDPS/uploads/fae23e72-fbc3-4de4-8074-84ead41412e6.xlsx,0,2026-03-16 18:37:59.629994
a3248591-1d8f-4b75-bdde-e7f31d6d250e,拉表 #48 (4页),48,/WutheringWavesDPS/uploads/fc20fa6b-c83f-40a4-b41a-a94932c252b2.xlsx,0,2026-03-16 18:37:59.659177
6b6a967b-6bc5-46d3-b453-02053902712c,拉表 #49,49,/WutheringWavesDPS/uploads/fd43bb8e-22fd-4970-a898-2130e07ee85c.xlsx,0,2026-03-16 18:37:59.690382
09be4e2a-4464-43c1-b652-a9af652dbac0,拉表 #50 (2页),50,/WutheringWavesDPS/uploads/fd97a927-eb35-4b6c-aa78-bec73cd84c52.xlsx,0,2026-03-16 18:37:59.723594
